lthresh, uthresh, srcRatio, authRatio
0.7,1.0,0.951841359773,0.826424870466,

