lthresh, uthresh, srcRatio, authRatio
0.7,1.0,0.883408071749,0.666666666667,

