lthresh, uthresh, srcRatio, authRatio
0.7,1.0,0.962382445141,0.825958702065,

