lthresh, uthresh, srcRatio, authRatio
0.7,1.0,0.936061381074,0.779310344828,

