lthresh, uthresh, srcRatio, authRatio
0.7,1.0,0.949852507375,0.878186968839,

