lthresh, uthresh, srcRatio, authRatio
0.7,1.0,0.897727272727,0.702614379085,

