lthresh, uthresh, srcRatio, authRatio
0.7,1.0,0.941176470588,0.833855799373,

