lthresh, uthresh, srcRatio, authRatio
0.7,1.0,0.689839572193,0.533632286996,

