lthresh, uthresh, srcRatio, authRatio
0.7,1.0,0.979274611399,0.90537084399,

