Models,AUC,Smell
N,0.985294117647059,Pkg-DC
L,0.994619799139168,Pkg-DC
F,0.999641319942611,Pkg-DC
N,0.992109038737446,Pkg-LO
L,0.982065997130559,Pkg-LO
F,0.988880918220947,Pkg-LO
N,1,Pkg-DC
L,1,Pkg-DC
F,1,Pkg-DC
N,1,Pkg-LO
L,1,Pkg-LO
F,1,Pkg-LO
N,1,Pkg-DC
L,1,Pkg-DC
F,1,Pkg-DC
N,0.972519310754605,Pkg-LO
L,0.947118241235889,Pkg-LO
F,0.971330956625074,Pkg-LO
