Models,Spearman,Recovery
N,0.560901372978035,ARC
L,0.445480969182868,ARC
F,0.594143710839842,ARC
N,0.50185537661054,ARC
L,0.530013646226114,ARC
F,0.414703739707043,ARC
N,0.554514677273113,ARC
L,0.479334667645086,ARC
F,0.537286548623582,ARC
