Models,Spearman,Recovery
N,0.63507253722897,Packages
L,0.553435354951991,Packages
F,0.674508253122023,Packages
N,0.615326562713862,Packages
L,0.544512081419204,Packages
F,0.580132643569247,Packages
N,0.582854518624454,Packages
L,0.456209312956111,Packages
F,0.56997294063108,Packages
