Models,Spearman,Recovery
N,0.923361517082053,Packages
L,0.8760325418351,Packages
F,0.873353543236216,Packages
N,0.396448525999503,Packages
L,0.419875029808564,Packages
F,0.395547506622231,Packages
