Models,Spearman,Recovery
N,0.641471381238771,ARC
L,0.530588134022065,ARC
F,0.536014335481606,ARC
N,0.446729440191815,ARC
L,0.289782235192766,ARC
F,0.526916440125827,ARC
