Models,AUC,Recovery
N,0.833333333333333,Packages
L,0.625,Packages
F,0.708333333333333,Packages
N,0.958333333333333,Packages
L,0.708333333333333,Packages
F,1,Packages
