Models,Spearman,Recovery
N,0.431845802361344,ARC
L,0.286036376270949,ARC
F,0.590843889734679,ARC
N,0.849039754641116,ARC
L,0.328330458836366,ARC
F,0.959308021378136,ARC
