Models,AUC,Recovery
N,0.948717948717949,Packages
L,0.935897435897436,Packages
F,0.923076923076923,Packages
N,0.781818181818182,Packages
L,0.8,Packages
F,0.772727272727273,Packages
