Models,Spearman,Recovery
N,0.739798228305243,Packages
L,0.588854817547827,Packages
F,0.743308540183323,Packages
N,0.826007326007326,Packages
L,0.512820512820513,Packages
F,0.605006105006105,Packages
