Models,AUC,Recovery
N,0.785714285714286,ARC
L,0.736607142857143,ARC
F,0.75,ARC
N,0.883928571428571,ARC
L,0.744047619047619,ARC
F,0.946428571428571,ARC
