Models,AUC,Recovery
N,0.771604938271605,ARC
L,0.444444444444444,ARC
F,0.740740740740741,ARC
N,0.907004830917874,ARC
L,0.671497584541063,ARC
F,0.995169082125604,ARC
