Models,Spearman,Recovery
N,0.665879987694857,ARC
L,0.738825919850687,ARC
F,0.574484695266151,ARC
N,0.822820702436534,ARC
L,0.711378845987492,ARC
F,0.819572397203714,ARC
N,0.666160558405699,ARC
L,0.502602552559232,ARC
F,0.602434766184848,ARC
