Models,Spearman,Recovery
N,0.776137224906291,Packages
L,0.540684244573092,Packages
F,0.613191288185633,Packages
N,0.800423558130779,Packages
L,0.724803617728591,Packages
F,0.810823171272366,Packages
N,0.764860848257011,Packages
L,0.785071716732166,Packages
F,0.78729676647255,Packages
