Models,AUC,Recovery
N,0.861344537815126,ARC
L,0.432773109243697,ARC
F,0.80672268907563,ARC
N,0.883333333333333,ARC
L,0.744444444444444,ARC
F,0.896296296296296,ARC
