Models,AUC,Smell
N,0.973684210526316,Pkg-DC
L,0.967836257309941,Pkg-DC
F,0.982456140350877,Pkg-DC
N,0.972222222222222,Pkg-LO
L,0.972222222222222,Pkg-LO
F,0.988095238095238,Pkg-LO
N,1,Pkg-DC
L,1,Pkg-DC
F,1,Pkg-DC
N,0.996212121212121,Pkg-LO
L,0.977272727272727,Pkg-LO
F,0.977272727272727,Pkg-LO
