Models,Spearman,Recovery
N,0.754601612359417,ARC
L,0.464762657914671,ARC
F,0.824835360980987,ARC
N,0.753560317171016,ARC
L,0.415463949996931,ARC
F,0.808525911637541,ARC
