Models,AUC,Recovery
N,0.871212121212121,Packages
L,0.939393939393939,Packages
F,0.954545454545454,Packages
N,0.875,Packages
L,0.976190476190476,Packages
F,1,Packages
