Models,AUC,Recovery
N,0.824242424242424,Packages
L,0.863636363636364,Packages
F,0.878787878787879,Packages
N,0.791666666666667,Packages
L,0.767361111111111,Packages
F,0.8125,Packages
