Models,AUC,Recovery
N,0.618055555555556,ARC
L,0.486111111111111,ARC
F,0.715277777777778,ARC
N,0.805647840531561,ARC
L,0.805647840531562,ARC
F,0.795681063122924,ARC
