Models,Spearman,Recovery
N,0.215755681086926,ARC
L,0.0365421863439566,ARC
F,0.301744390206533,ARC
N,0.482568545116501,ARC
L,0.492838703823789,ARC
F,0.46537999497878,ARC
