Models,Spearman,Recovery
N,0.843403770872887,Packages
L,0.739303015574004,Packages
F,0.909020643720949,Packages
N,0.901750600352509,Packages
L,0.788004010871157,Packages
F,0.956258909744095,Packages
