Models,AUC,Smell
N,0.985714285714286,ARC-CO
L,0.980952380952381,ARC-CO
F,0.995238095238095,ARC-CO
N,1,ARC-DC
L,1,ARC-DC
F,1,ARC-DC
N,0.958333333333333,ARC-LO
L,0.954861111111111,ARC-LO
F,0.96875,ARC-LO
N,1,ARC-SF
L,1,ARC-SF
F,1,ARC-SF
N,1,ARC-CO
L,1,ARC-CO
F,1,ARC-CO
N,1,ARC-DC
L,1,ARC-DC
F,1,ARC-DC
N,0.89202657807309,ARC-LO
L,0.838870431893688,ARC-LO
F,0.780730897009967,ARC-LO
N,0.9375,ARC-SF
L,0.897865853658537,ARC-SF
F,0.961890243902439,ARC-SF
