Models,Spearman,Recovery
N,0.601170936991949,Packages
L,0.639395678650396,Packages
F,0.68283288508045,Packages
N,0.621588148114366,Packages
L,0.604174392630906,Packages
F,0.594721211082742,Packages
