Models,Spearman,Recovery
N,0.892641665978548,ARC
L,0.492186189200072,ARC
F,0.792461938836138,ARC
N,0.936990384287306,ARC
L,0.613214053257748,ARC
F,0.927917055248888,ARC
