Models,Spearman,Recovery
N,0.431768351965446,ARC
L,0.496922980035624,ARC
F,0.416343582214781,ARC
N,0.626380898049438,ARC
L,0.526172043322891,ARC
F,0.5066138308321,ARC
