Models,AUC,Recovery
N,0.987745098039216,ARC
L,0.855392156862745,ARC
F,0.963235294117647,ARC
N,0.994897959183673,ARC
L,0.964285714285714,ARC
F,1,ARC
