Models,Spearman,Recovery
N,0.879254331313238,Packages
L,0.535476157595319,Packages
F,0.916054039717662,Packages
N,0.689413384462879,Packages
L,0.826466074653822,Packages
F,0.768678417799665,Packages
