Models,AUC,Recovery
N,0.690131992457574,ARC
L,0.764927718416091,ARC
F,0.691389063482087,ARC
N,0.794285714285714,ARC
L,0.718571428571429,ARC
F,0.702857142857143,ARC
