Models,Spearman,Recovery
N,0.693167079772691,Packages
L,0.6148783441262,Packages
F,0.629773988519117,Packages
N,0.846331550323319,Packages
L,0.731003351641945,Packages
F,0.844202414347663,Packages
